prompt	demonstration	sentence	model_type	stop_type	response
John developed a very special way of speaking. For 'Pension reform was its main thrust', he would say 'Pension reform was'. Please carefully examine John's speaking style, and guess what he would say for the sentence: 	Pension reform was its main thrust	The small boat stays in the calm lake	gpt-35-turbo	stop	He would say 'The small boat stays'.
John developed a very special way of speaking. For 'These people have different agendas', he would say 'These people have'. Please carefully examine John's speaking style, and guess what he would say for the sentence: 	These people have different agendas	The story begins in a small town	gpt-35-turbo	stop	He would say 'The story begins'.
John developed a very special way of speaking. For 'These people have different agendas', he would say 'These people have'. Please carefully examine John's speaking style, and guess what he would say for the sentence: 	These people have different agendas	Most people live in rural areas	gpt-35-turbo	stop	He would say 'Most people live'.
John developed a very special way of speaking. For 'The plan lacked a withdrawal timetable', he would say 'The plan lacked'. Please carefully examine John's speaking style, and guess what he would say for the sentence: 	The plan lacked a withdrawal timetable	His family lived in an old farmhouse	gpt-35-turbo	stop	John would say 'His family lived'.
John developed a very special way of speaking. For 'Pension reform was its main thrust', he would say 'Pension reform was'. Please carefully examine John's speaking style, and guess what he would say for the sentence: 	Pension reform was its main thrust	The road sign points to the nearest exit	gpt-35-turbo	stop	He would say 'The road sign points'.
John developed a very special way of speaking. For 'This boy needs your help', he would say 'This boy needs'. Please carefully examine John's speaking style, and guess what he would say for the sentence: 	This boy needs your help	The bird rests on the sturdy branch	gpt-35-turbo	stop	He would say 'The bird rests on the sturdy branch'.
John developed a very special way of speaking. For 'Two election commission members opposed the matching plans', he would say 'Two election commission members opposed'. Please carefully examine John's speaking style, and guess what he would say for the sentence: 	Two election commission members opposed the matching plans	The small boat stays in the calm lake	gpt-35-turbo	stop	He would say 'The small boat stays'.
John developed a very special way of speaking. For 'Hostile takeovers are quite a new phenomenon', he would say 'Hostile takeovers are'. Please carefully examine John's speaking style, and guess what he would say for the sentence: 	Hostile takeovers are quite a new phenomenon	Many squirrels live in the oak tree	gpt-35-turbo	stop	He would say 'Many squirrels live'.
John developed a very special way of speaking. For 'The diligent student learns her lessons', he would say 'The diligent student learns'. Please carefully examine John's speaking style, and guess what he would say for the sentence: 	The diligent student learns her lessons	The fragile vase stays on the top shelf	gpt-35-turbo	stop	John would say 'The fragile vase stays'.
John developed a very special way of speaking. For 'This boy needs your help', he would say 'This boy needs'. Please carefully examine John's speaking style, and guess what he would say for the sentence: 	This boy needs your help	The story begins in a small town	gpt-35-turbo	stop	John would say 'The story begins'.
John developed a very special way of speaking. For 'This boy needs your help', he would say 'This boy needs'. Please carefully examine John's speaking style, and guess what he would say for the sentence: 	This boy needs your help	The accident happened on Saturday night	gpt-35-turbo	stop	John would say 'The accident happened'.
John developed a very special way of speaking. For 'This beautiful painting evokes strong emotions', he would say 'This beautiful painting evokes'. Please carefully examine John's speaking style, and guess what he would say for the sentence: 	This beautiful painting evokes strong emotions	A lost puppy walks towards the city park	gpt-35-turbo	stop	Based on John's speaking style, he would say for the sentence 'A lost puppy walks towards the city park': 'A lost puppy walks'.
John developed a very special way of speaking. For 'This boy needs your help', he would say 'This boy needs'. Please carefully examine John's speaking style, and guess what he would say for the sentence: 	This boy needs your help	His parents rushed to his side	gpt-35-turbo	stop	He would say 'His parents rushed'.
John developed a very special way of speaking. For 'Pension reform was its main thrust', he would say 'Pension reform was'. Please carefully examine John's speaking style, and guess what he would say for the sentence: 	Pension reform was its main thrust	the old guests sat at the dinner table	gpt-35-turbo	stop	He would say 'The old guests sat'.
John developed a very special way of speaking. For 'Your father deserves a vacation', he would say 'Your father deserves'. Please carefully examine John's speaking style, and guess what he would say for the sentence: 	Your father deserves a vacation	His father died of a heart attack	gpt-35-turbo	stop	He would say 'His father died'.
John developed a very special way of speaking. For 'Her father protects the family', he would say 'Her father protects'. Please carefully examine John's speaking style, and guess what he would say for the sentence: 	Her father protects the family	The great artist died from a serious illness	gpt-35-turbo	stop	He would say 'The great artist died'.
John developed a very special way of speaking. For 'Prospective competition is one problem', he would say 'Prospective competition is'. Please carefully examine John's speaking style, and guess what he would say for the sentence: 	Prospective competition is one problem	A full moon appeared in the dark night sky	gpt-35-turbo	stop	He would say 'A full moon appeared'.
John developed a very special way of speaking. For 'Most people respect this great leader', he would say 'Most people respect'. Please carefully examine John's speaking style, and guess what he would say for the sentence: 	Most people respect this great leader	The bird rests on the sturdy branch	gpt-35-turbo	stop	He would say 'The bird rests'.
John developed a very special way of speaking. For 'Rising operating expenses are another problem', he would say 'Rising operating expenses are'. Please carefully examine John's speaking style, and guess what he would say for the sentence: 	Rising operating expenses are another problem	A full moon appeared in the dark night sky	gpt-35-turbo	stop	He would say 'A full moon appeared'.
John developed a very special way of speaking. For 'Your father deserves a vacation', he would say 'Your father deserves'. Please carefully examine John's speaking style, and guess what he would say for the sentence: 	Your father deserves a vacation	The bird rests on the sturdy branch	gpt-35-turbo	stop	He would say 'The bird rests on the sturdy'.
John developed a very special way of speaking. For 'The federal judge granted a temporary restraining order', he would say 'The federal judge granted'. Please carefully examine John's speaking style, and guess what he would say for the sentence: 	The federal judge granted a temporary restraining order	Most people live in rural areas	gpt-35-turbo	stop	John would say 'Most people live'.
John developed a very special way of speaking. For 'This boy needs your help', he would say 'This boy needs'. Please carefully examine John's speaking style, and guess what he would say for the sentence: 	This boy needs your help	The golden treasure lies in the dense jungle	gpt-35-turbo	stop	He would say 'The golden treasure lies'.
John developed a very special way of speaking. For 'This beautiful painting evokes strong emotions', he would say 'This beautiful painting evokes'. Please carefully examine John's speaking style, and guess what he would say for the sentence: 	This beautiful painting evokes strong emotions	A picture hangs at his study	gpt-35-turbo	stop	Based on John's speaking style, he would say for the sentence 'A picture hangs at his study': 'A picture hangs'.
John developed a very special way of speaking. For 'This boy needs your help', he would say 'This boy needs'. Please carefully examine John's speaking style, and guess what he would say for the sentence: 	This boy needs your help	A full moon appeared in the dark night sky	gpt-35-turbo	stop	He would say 'A full moon appeared'.
